<?xml version="1.0" encoding="UTF-8" ?>
<ModulePreference name="aldebaran-robotics.com@oru_walk" xmlns="http://www.aldebaran-robotics.com/ns/ALPreference" schemaLocation="ModulePreference.xsd">
    <Preference name="feedback_gain" description="" value="0.3" type="float" />
    <Preference name="feedback_threshold" description="" value="0.004" type="float" />
    <Preference name="mpc_solver_type" description="" value="0" type="int" />
    <Preference name="mpc_gain_position" description="" value="8000" type="float" />
    <Preference name="mpc_gain_velocity" description="" value="1" type="float" />
    <Preference name="mpc_gain_acceleration" description="" value="0.02" type="float" />
    <Preference name="mpc_gain_jerk" description="" value="1" type="float" />
    <Preference name="mpc_as_tolerance" description="" value="1e-07" type="float" />
    <Preference name="mpc_as_max_activate" description="" value="20" type="int" />
    <Preference name="mpc_as_use_downdate" description="" value="true" type="bool" />
    <Preference name="mpc_ip_tolerance_int" description="" value="0.1" type="float" />
    <Preference name="mpc_ip_tolerance_ext" description="" value="10000" type="float" />
    <Preference name="mpc_ip_t" description="" value="0.1" type="float" />
    <Preference name="mpc_ip_mu" description="" value="1" type="float" />
    <Preference name="mpc_ip_bs_alpha" description="" value="0.01" type="float" />
    <Preference name="mpc_ip_bs_beta" description="" value="0.9" type="float" />
    <Preference name="mpc_ip_max_iter" description="" value="5" type="int" />
    <Preference name="mpc_ip_bs_type" description="" value="1" type="int" />
    <Preference name="igm_mu" description="" value="1" type="float" />
    <Preference name="step_height" description="" value="0.02" type="float" />
    <Preference name="step_length" description="" value="0.04" type="float" />
    <Preference name="bezier_weight_1" description="" value="1.5" type="float" />
    <Preference name="bezier_weight_2" description="" value="3" type="float" />
    <Preference name="bezier_inclination_1" description="" value="0.015" type="float" />
    <Preference name="bezier_inclination_2" description="" value="0.01" type="float" />
    <Preference name="loop_time_limit_ms" description="" value="15" type="int" />
    <Preference name="dcm_time_shift_ms" description="" value="0" type="int" />
    <Preference name="preview_sampling_time_ms" description="" value="40" type="int" />
    <Preference name="preview_window_size" description="" value="40" type="int" />
    <Preference name="ss_control_loops" description="" value="20" type="int" />
    <Preference name="ds_control_loops" description="" value="2" type="int" />
    <Preference name="ds_number" description="" value="3" type="int" />
    <Preference name="step_pairs_number" description="" value="4" type="int" />
    <Preference name="walk_pattern" description="" value="0" type="int" />
</ModulePreference>
